aachen,bochum,bremen,cologne,darmstadt,dusseldorf,erfurt,hamburg,hanover,jena,krefeld,monchengladbach,strasbourg,stuttgart,tubingen,ulm,weimar,zurich,frankfurt,lindau,munster
1.5031897587558796,1.4398922613188962,1.4253327743067987,1.4680330035451767,1.4561300178597905,1.482640182889735,1.5210184032357341,1.4764186034419982,1.485502284036213,1.4406821846076865,1.3708769099729379,1.4340973293729706,1.386578780935132,1.3415387680303115,1.4312059334933065,1.426221657138301,1.451298740892803,1.4408828004947887,1.4275489522567988,1.4411658066570723,1.505937385432752
1.5536074992795688,1.5042020715981224,1.4308646092257333,1.4833667756559585,1.4714202122702191,1.440585560602947,1.4656186740125028,1.4389638577925816,1.4162762794328971,1.3958332921321184,1.396561673956111,1.463940135848381,1.426500547984787,1.4409085205278422,1.4638605856169888,1.4670507625669569,1.4282497395266096,1.4908159490780808,1.4280882957010967,1.302302638105755,1.3400607559799769
1.4209851325212668,1.5298346769880264,1.4116929506878972,1.5345211339057456,1.4552433990858673,1.464034219723274,1.450504544464931,1.4459894793487698,1.4267900652136853,1.3814357346840827,1.401300146372451,1.408100219253364,1.535084101434466,1.4860541328843238,1.4564092723071975,1.403988376660066,1.5175849218677986,1.492963687989403,1.385859970433726,1.3561189675514054,1.4313076713941524
1.362957310663379,1.4747746003393036,1.3921277939260626,1.4526490032810333,1.5163347880807145,1.421236812788984,1.3912460004381535,1.4389666113008366,1.409662821717429,1.4550508364648276,1.4681435939071488,1.4601266002356559,1.4529416634311052,1.4453863026899827,1.4353841477285951,1.3997918441303292,1.40027890166895,1.4963370732648962,1.4381287462449508,1.455776873143992,1.4431500744750405
1.473697881061205,1.4924979365536801,1.4298641094755822,1.3839582328632134,1.4306953825613864,1.4825028039403663,1.3809101327147726,1.5075701741832341,1.4239818797259705,1.4546752860138612,1.481582967713885,1.4453398998988098,1.543117881865294,1.482301565780149,1.4987148188055956,1.372406333298924,1.443019477984138,1.389052194590922,1.4347026542039856,1.464302661672913,1.4627254888136163
1.4950590851315309,1.484505416446789,1.4692320276265098,1.4392110058209542,1.4348956612945933,1.4686675579989796,1.43119002746808,1.492802129624651,1.4915242765116532,1.4784115502210287,1.454417453936715,1.528043568500685,1.4485105725475311,1.4764900031352302,1.4398828340168286,1.4864096798268431,1.4291490054070697,1.4395380271056468,1.4539804195442767,1.4716435316122072,1.5326264048325413
1.4595304759104917,1.52141930056339,1.5163085300911774,1.5608904299072015,1.4511214938135193,1.4374005297067107,1.4859873524685898,1.443192273542404,1.5223149255885935,1.4007463790711232,1.448446765803743,1.4610121880022537,1.4619940604595396,1.445068496894125,1.4054871029939116,1.5065222834592884,1.509515033631238,1.477359000100688,1.4455455787986733,1.4888070483566944,1.4882523684395317
1.4032636577143682,1.531848288255592,1.4597231996137048,1.5142661522855425,1.4621618023439498,1.4222496715822048,1.5097595352153497,1.520190158486637,1.4942937574170116,1.4096355863857404,1.4606939425533296,1.4155136720192298,1.5165413334003295,1.452807144117621,1.4491339676977868,1.3290341716470515,1.4459716823179145,1.4351216169868894,1.4800026250616352,1.5045515405867946,1.4895093165157256
1.5208431118706907,1.4265574869403435,1.4198963019352748,1.5386158042653244,1.4079245790443646,1.4403629669399078,1.469019387134105,1.4293735732932313,1.4040964262150133,1.4861176529577143,1.5000578151473865,1.4810786856420228,1.5005915656247557,1.557337966024957,1.4563608594331334,1.452376050744027,1.3302563312734532,1.4190837962122163,1.4782713918753128,1.4468530916452567,1.446699314412621
1.4312863597043866,1.4052681136995178,1.5076861196769775,1.5005405002450198,1.4700145107118154,1.4723065286476424,1.4162491126861505,1.4331225176623172,1.418661290990011,1.4528574134734449,1.4717330694606232,1.3737509730687678,1.486262715431896,1.4757189586830313,1.4418738697727806,1.368757955680458,1.4324470550211803,1.4374344955990017,1.4503347438471679,1.507230623175222,1.4693115002322008
1.5214200631157846,1.3500973296506205,1.532577300134156,1.4932350428763002,1.4287422145646063,1.4927512043705422,1.4294706570431288,1.46912457222015,1.4824124316534448,1.5187400986841293,1.403475820539946,1.4563374849599782,1.547765897419321,1.3874858508764945,1.4904722459621467,1.4188831404348525,1.4553462424469672,1.4489187411222828,1.5003278593177138,1.4452456493769124,1.501477719886136
1.4886805878675056,1.4436816799960288,1.4828617263841088,1.5569092923122931,1.4727396365835725,1.4956028203420217,1.3973394558771048,1.4070537479341065,1.4055869758358008,1.4121959591803475,1.4273018076106727,1.4738691100153682,1.527021180665449,1.317244972678016,1.4605418381932571,1.4351733126585473,1.51904691526751,1.421670430934218,1.5669814304592855,1.3918876077796034,1.4581414095130567
1.4605284596684676,1.4896154684724972,1.4978230849541208,1.525854924980172,1.4916940242664691,1.4612910321521722,1.4395016277228212,1.5082426120652963,1.4208901298681147,1.3899850594384413,1.485551565723093,1.4148466106902056,1.4724739729369263,1.4279997732715828,1.40213125647941,1.4587271175558025,1.3405701958008054,1.4839376118989787,1.5057887983101317,1.407447576518589,1.4551331596613468
1.4398845704915988,1.428360725034182,1.4333709950721059,1.4609927871143333,1.4541951153171984,1.4673893056358327,1.4687750109903417,1.4538650685505545,1.5242179179878976,1.426203430147267,1.4715149643839487,1.466716311164343,1.4729330094093718,1.4482501051292638,1.321996180751277,1.426165507462785,1.4210816007787215,1.5053686651199067,1.4569586137393151,1.4665953416974895,1.5147160433759084
1.5033013642642234,1.5137198815904047,1.3968573847827683,1.5104132280039229,1.427770142079816,1.4443558080872057,1.3980536519709634,1.413439175671062,1.5060564945560126,1.4369376738108215,1.4427669404098158,1.491198013649575,1.4008869472453591,1.492405813870127,1.4333676401110942,1.341450577396814,1.5381813185660096,1.4451377956462368,1.4630205655299306,1.4592495511213526,1.4456578556585655
1.51185195111698,1.4585881470767088,1.4198759990084269,1.5269158983081916,1.4794831960645431,1.4420068869339633,1.4616107353530132,1.4474287774932242,1.4883501039164484,1.462369191055885,1.3439719630774254,1.4686812531420832,1.4454363987449235,1.5007145099249872,1.4470461407241335,1.4440412373699851,1.3498377027146982,1.4192728186392205,1.5549486637442447,1.384446492649393,1.484293623218319
1.5048985612560943,1.4647430969741368,1.3731558513372706,1.4974087200097599,1.5120469646517234,1.465800323927786,1.4129542167342939,1.5281101166992226,1.4663740152542795,1.4267734579705238,1.442021408392733,1.4535163934172468,1.4514540605941633,1.5195683034562137,1.438220807623592,1.4102263099329537,1.4064836742209712,1.4526064005637598,1.5428809387168618,1.4167698287452257,1.4419829105431052
1.5261360649950135,1.5135086448594617,1.5068727263416055,1.504212543718516,1.4944055072681075,1.4718187421447733,1.4245130526052645,1.4299559200740501,1.5460080655645454,1.3402839910888713,1.3978628306266045,1.4763514623723015,1.4564024779585951,1.4381177892323083,1.4495413296960928,1.4507070458281686,1.3964468699358192,1.3975335250817333,1.5125572786552623,1.3986029187814297,1.4661543937337678
1.469332717641794,1.4351169928329743,1.3997941361716484,1.5629960567994785,1.4663645100762996,1.4889731479465567,1.413345606997317,1.5144341981275322,1.5539918689947994,1.4023889831414773,1.4070596357840257,1.4663928183592363,1.3957872907447098,1.3765515523083631,1.4459966787658127,1.5354256625171907,1.391547700722985,1.4864686684047845,1.5378570646531715,1.3724128844395413,1.5052269934586724
1.4976124386225982,1.4932095726307908,1.4643825800096435,1.4334751880578533,1.4765179392703036,1.467550579549066,1.4556348822003058,1.491206478803994,1.4597175759856544,1.4285468146081741,1.418551443991011,1.4945978615521287,1.45229757134517,1.5182826881178453,1.4260239172944378,1.5436932281960694,1.422633980822091,1.5102069714785327,1.481850930478442,1.261940076611338,1.4416156411421746
1.4206460649170396,1.4812775716488782,1.474459910712323,1.4802740467631315,1.5077690524255154,1.5346260675544732,1.4977176178101759,1.4757978134143472,1.4992272013387302,1.3778300677942366,1.454549887631585,1.5181574258754582,1.4327736292935844,1.4469286867016657,1.3909842197451556,1.558807560868299,1.429193259291318,1.5069624507998187,1.488404591502504,1.3733603217033106,1.4706133450311458
1.4672382483659894,1.462452611612611,1.4969347897933656,1.5333804239666602,1.4478693408327588,1.477831927855664,1.5068115367256671,1.5232883621948,1.4632405642937867,1.4584823337618598,1.503134751371148,1.5245043300665724,1.4703588870579187,1.4701733891033446,1.4094505211464894,1.392548381584831,1.3368678859355787,1.4372468142540655,1.437237628274953,1.3240692726403396,1.4730432889057292
1.3552257793281182,1.4912223855881426,1.3349190040708139,1.559532227796758,1.4433963479356022,1.514568955385922,1.4434754362674251,1.5368004066174248,1.4387367391649633,1.4365104517124379,1.4415169212825214,1.3677070526300643,1.4441861492948016,1.379574056937549,1.393395706975912,1.4073853531136056,1.392804877186313,1.3970937928169624,1.5128071389359692,1.4294345589425492,1.476326288316785
1.3605604164450202,1.455952189626819,1.4392583592493997,1.5927273006268916,1.5019515438211082,1.4906626810499295,1.4986954127520946,1.4710777046565702,1.4244440523186934,1.4566642794478077,1.3363499767694493,1.4615093036938391,1.4993992521091457,1.3759620890854218,1.4778855034814329,1.463306759983333,1.409836115625851,1.4422138911473317,1.5215568228395318,1.4890659220734892,1.4643275192298464
1.321581174065595,1.4896454687149159,1.2697349648819956,1.4304900619884007,1.475981384568189,1.483186056754304,1.4917174313811659,1.4056484387093275,1.4205834286736398,1.4459450035231523,1.4360475885632167,1.4229629544347615,1.514528432502716,1.5434860202724918,1.4058565764007218,1.5292151699704943,1.4475046037178736,1.3877091971207147,1.4854196531530701,1.4757309702781962,1.488508003644091
1.4504371263983946,1.4334811045827718,1.3547006136267796,1.4716799963926344,1.50181444653682,1.518721978761368,1.460559919839079,1.4546308317742525,1.5229505990216847,1.5019119181095182,1.4642994770161049,1.543838238108499,1.3584042172043704,1.3799956296239024,1.4171297147037845,1.4464771371848832,1.4574853835570127,1.4355391041170067,1.5347442397650837,1.4091917970546965,1.4528383403593808
1.5007494967016315,1.5163111449341473,1.4703163864774647,1.5298968123441736,1.5663970773655245,1.4821172066714974,1.4325001079710287,1.4975772799528764,1.4504018584064569,1.5186693002471359,1.4591980747453095,1.467319668469959,1.3913194044367123,1.4372046262170854,1.4197275631846091,1.4216704216788494,1.3609054905954414,1.5018237084862847,1.5337355832960484,1.4531951290422496,1.5572341958222198
1.4643814729499092,1.4765132474951224,1.4557166592503015,1.4772484788873226,1.4937794614319853,1.4803060074067327,1.414576720572531,1.5055825081730183,1.4229355362898657,1.4629781058087548,1.4460965595816149,1.494021929986074,1.420316412477771,1.4901787368851211,1.3972514260315085,1.4325679516871797,1.4153280430458481,1.5223567010270231,1.5046923225468978,1.377471518152581,1.5046892937098546
1.4666894487481663,1.4262140243255876,1.3252734752066884,1.5104677172724195,1.457050324453035,1.4888064440989142,1.4658125446290662,1.4863515692357552,1.4541572931934204,1.5445773619023926,1.4327603026325277,1.5011676964752396,1.4606303550938289,1.5040066372646987,1.461134466680678,1.4615720227746538,1.349064658787814,1.5250370514771499,1.491020880967177,1.33168987129464,1.490724448491147
1.507190449301865,1.51202309423097,1.3592030234990133,1.440944692585832,1.4891303365254216,1.5113507071930632,1.42985301706599,1.4282772450964576,1.4456903021709853,1.5214194044443439,1.4497598777151632,1.4816787831467264,1.5189226766234885,1.474393153606902,1.4974550729993317,1.3364046086126737,1.4366845400395998,1.5083718053620239,1.5156568395412209,1.4502686404852259,1.4584258667061554
1.3647346961847442,1.490106251814768,1.347532078939137,1.433836782810297,1.4918590280283153,1.5421732724350696,1.4059101174375865,1.418211010508784,1.3248541030269305,1.411774589449613,1.4288997710099132,1.4064404126947905,1.5326215427325904,1.481332093308943,1.4957919293660684,1.3964668122485353,1.343329266054966,1.508455079612217,1.5543198036693038,1.368378486725852,1.5098749500205761
1.4790940200510103,1.425783267597723,1.4100682578232144,1.4889683808486123,1.536003736829675,1.521832012660322,1.460528296656783,1.389310063781892,1.4337479456300848,1.391765491293841,1.3741854021055506,1.4161164372915862,1.4539010371415184,1.4949657129374196,1.4646552769726748,1.3925339978040536,1.3742387989639078,1.5069285695049055,1.4508519223787173,1.3834075578319422,1.4816491367611935
1.4843768851392427,1.5126093703548835,1.479275191884796,1.574172471043996,1.5216433804580054,1.3913785855415957,1.5317331135986716,1.4962892178179459,1.4582192085724996,1.437450137586776,1.4070902619044312,1.4863084742140826,1.5270460392915715,1.4893679494361554,1.4324751847621,1.4264086564827854,1.4289448308467494,1.405517000588092,1.4221362054304307,1.3141840558236997,1.4696802762319625
1.4589594509590507,1.4986600790140492,1.4738170118888163,1.5240983521398184,1.5059378672319266,1.4533185821473498,1.4333437258427157,1.4177317851922446,1.3852790989307422,1.437551549743888,1.5254223729506253,1.4519364995769117,1.4664710113643908,1.4862017753226562,1.484727764213372,1.4195114571028098,1.4401134958390458,1.5143069330870516,1.525839064740244,1.4464415129365378,1.4130081877288951
1.4296940572519787,1.4577688300221339,1.4682216256887413,1.4788010270047949,1.4994562447735138,1.479328574737592,1.4525083713659614,1.4943308173905532,1.462753637762014,1.3422699196927796,1.3766075940663836,1.468739278690483,1.4764142587704872,1.4864931476958572,1.4282501698130856,1.3300757915645152,1.4232454430019983,1.3905129784169916,1.4983025528600828,1.3122527993785575,1.4023281294824876
1.4575858890579256,1.4758033904022185,1.3762453518106856,1.4915911719265305,1.4366170940083363,1.5223629036101098,1.4329165250954188,1.4455827564472212,1.4235411770117508,1.401649030245935,1.4009305918264567,1.4408630127044313,1.496092240785783,1.5066931001436588,1.3531032745508438,1.4708032512763216,1.3908068136532685,1.4361644257107613,1.5172123718618984,1.36997508408023,1.4310322742083388
1.471542235782456,1.4881899338380236,1.357531577409401,1.5289283815441546,1.5102399063665213,1.5498949935576887,1.4136142973289316,1.4731022296595506,1.5223611118133848,1.491237229212893,1.4643003092300173,1.425834017176029,1.5187510383742717,1.4661332964230926,1.4662166797035336,1.3057660380127674,1.4301031546919314,1.4422864903256931,1.5226880008528878,1.3888670558008196,1.4326178961402307
1.4203971938509976,1.4623398006745154,1.3935303446845322,1.4523573950690805,1.487768947325808,1.5441180831905614,1.475310822794157,1.4683962124907681,1.5040006137827666,1.528400229338632,1.4563966857364472,1.4248176449644647,1.540454499404809,1.4071921512065413,1.4300734169425555,1.4832634297122904,1.4492553527088063,1.4367120281718984,1.545120127524465,1.3685749233754254,1.4720461184815417
1.3218567524129772,1.572698610423256,1.4947317344468003,1.5131290764722236,1.4004936197907123,1.5389605697842845,1.385524148791496,1.487717024425132,1.4789947694969212,1.486894543450503,1.397761259053418,1.5123428608333052,1.4825666823888553,1.3556825332936133,1.3709344367779446,1.427437911528295,1.4090545968252401,1.4385729078850202,1.5623678386428348,1.3491304298832334,1.5020423931218714
1.3359061709454656,1.497060796635184,1.4787196733330432,1.4388101918258829,1.4127781180219257,1.5470419477080184,1.393931121410192,1.491043390967451,1.4546185750708207,1.4407155891126058,1.5387513356538287,1.5194412494721625,1.4760363412257853,1.304633602056078,1.368171983683117,1.4624555549342757,1.4146133073496117,1.4872255002844075,1.5086573250534265,1.2691820590535419,1.4414834766998723
1.3452686144151482,1.4472238013202166,1.4255488112562498,1.5437896271137121,1.4668359751758993,1.549644428138938,1.385632868080566,1.5055604514787406,1.4666200110345662,1.4586551664966616,1.50642644857351,1.5335607182502302,1.5165252113896095,1.4001381976290435,1.4412671099032377,1.4537680589551643,1.3849991847067897,1.537958556615244,1.465161012088708,1.2771173008459757,1.4908961523453255
1.4933184701508524,1.5148419782743086,1.3928998650593198,1.4931444112931218,1.4716329610639176,1.4564225871743832,1.39302643437668,1.5136429134502745,1.468251949702425,1.4730024275623577,1.444983352350552,1.406788618288218,1.5581300689030577,1.3716885160192607,1.4172177483578308,1.4348465664984165,1.3540288387261004,1.4508843413433972,1.4343081007870946,1.3971167125785338,1.4681638685764307
1.518171526650968,1.5194925458834656,1.4939916220296663,1.4571710711640893,1.5379143559922002,1.4344323681301376,1.386774829652382,1.5397158057818467,1.4502128378230665,1.5188026058957353,1.439504292626323,1.3942341455923297,1.4913599989744575,1.474957776526127,1.4373014469353504,1.4291026717474076,1.4677694222233275,1.483733455810659,1.5003043397166442,1.370769577513813,1.4611523661968657
1.4070017960417107,1.4264790367377,1.4053407000789924,1.4984575279746464,1.5238726514959957,1.4028785000799227,1.3783960725306708,1.3999225150443968,1.5241668250812475,1.455975633699419,1.4875073571458957,1.3790290574090298,1.509468436986074,1.5111569544419956,1.4491348452870216,1.4330242821615595,1.3976921045948034,1.4905391067090512,1.4680928942930984,1.4516521696357054,1.413165885026438
1.4683796460623992,1.4849995015867063,1.535652880242615,1.505836098844445,1.5238255199369335,1.3957485183978107,1.3657209393589615,1.4548181295628642,1.5205837346158528,1.4931561604490633,1.526253669318486,1.4159715408257425,1.4326527243189766,1.4980191265198761,1.421047477767837,1.3548716825086708,1.3407726626015664,1.426051494799111,1.4978884135529826,1.2896314179617703,1.431149260521621
1.4848172939897122,1.4739990185701215,1.504817963587078,1.473057756679732,1.5152950258081,1.4841491076332027,1.4368402426141618,1.5286728882217553,1.514327536627503,1.4989605133713584,1.508439962181159,1.4043078035462382,1.4235017629938458,1.4076106616854984,1.4017050810322194,1.4438800406852432,1.3795054352702312,1.5327559467279979,1.4836408679523752,1.3078095579383509,1.43248890517642
1.47620582422142,1.3956633176892026,1.3755733876356202,1.5319008146009336,1.4546215831698632,1.4801055690702285,1.3761257838696745,1.5058213787034123,1.416512002479587,1.5069721339463376,1.475690842785427,1.449756596090669,1.4591594386967672,1.3827107032622254,1.4613755921013547,1.4037949193194919,1.3793348344124794,1.3833544335231587,1.4585784138532176,1.2850696520119413,1.4877060200443029
1.4436157507450251,1.5028978748491137,1.3649224671293876,1.5135815693806145,1.4502308511219015,1.4876345418275547,1.4613752422743636,1.5369793080012601,1.4675690351120092,1.5155281968513201,1.508693091587028,1.5172240191807156,1.4803026049938628,1.3509767493068556,1.4370866929864827,1.3857809181188472,1.356437814015659,1.4085436630249206,1.4597099322468945,1.2856230247944676,1.4639441418629857
1.5314236562043693,1.4977368999613268,1.3532121402224229,1.4439440035041782,1.422149156928108,1.4359391925376386,1.5108475834212032,1.5291958424111483,1.4968885615913048,1.4698062388058866,1.424861012327608,1.4549421505303288,1.3858126643288664,1.434844439042655,1.436995092696086,1.4705684930633183,1.3565826215243064,1.4050155147810486,1.4667281047182943,1.336406484059517,1.55299203104094
1.422306426601236,1.452033230878006,1.4281936493087888,1.4599052864377287,1.4014276401475925,1.498833604059077,1.4409357016974624,1.45633058642382,1.4348978812068591,1.4624588384266202,1.4723351073205349,1.5018482103267519,1.379556634735596,1.437009153900423,1.495835837372009,1.5094697186416233,1.4747753367562666,1.4318866803644432,1.4622425898429592,1.2838490999317702,1.5226308262450623
1.4647265898207396,1.4747547495159856,1.4196840941403224,1.4859478166319247,1.4699918678475845,1.3762337265903701,1.438093413899394,1.4999929918695887,1.4802064206980674,1.476345172662432,1.4270503710974918,1.3805695575998624,1.3878956796655866,1.4836379080032691,1.4457649781015145,1.4747221284767937,1.4030227323035667,1.4512462384914018,1.5323671532136331,1.37847516114351,1.4318197789822502
1.4492133999439312,1.5229624662550996,1.396981795927885,1.3922694663638526,1.4301100613537334,1.4287051938470967,1.4189025773407884,1.4812322383662644,1.4815077465325894,1.5101125583291581,1.438174929269976,1.4745057776121269,1.4704982577192642,1.486127012987172,1.3396511260786201,1.4623504806460008,1.366042242824626,1.4748888105908098,1.4857084280869879,1.432663322423199,1.5027850918923824
1.4881606612601166,1.4335711712970582,1.4893787781787464,1.4454414022349158,1.4754405200095146,1.4798269272935078,1.4516029249147804,1.4214940468657826,1.4682475257760093,1.483259501523661,1.4097201564157515,1.4137300627387537,1.455418029157367,1.3876037185133274,1.4572748681328083,1.524859644982418,1.4699084861094225,1.5252009536093065,1.5615728143398173,1.2909773342242872,1.5487724899884454
1.4984261116152944,1.4735762815085267,1.4753184895864182,1.539487355009136,1.4986262739532867,1.4596233899458475,1.42948557433143,1.5090473235502948,1.4086746088751807,1.4063548149836562,1.4225822782541064,1.2956141366386535,1.4579031503192945,1.4876159627330272,1.5170488618243436,1.48961254106261,1.4688399053555505,1.4285268375885969,1.5076470380925282,1.3652938398318941,1.497555726584585
1.4749541338074628,1.4680422367086041,1.4836052036962517,1.5300675295369517,1.4710261312681845,1.467260932749839,1.3851376074724653,1.520985294048535,1.474938225398488,1.459238030694517,1.4719779082262126,1.4371197615053477,1.467209692618359,1.4978534102194618,1.465242525943027,1.3833157855781348,1.4477457253295103,1.41348399763687,1.4963514082388731,1.4317668624892972,1.4514021513849187
1.398762990281739,1.4664814456758446,1.4462341120437485,1.5433467672856727,1.4764947134291484,1.5365356750242545,1.4634648737175715,1.5586856332883492,1.4358570485477986,1.509212520857104,1.4859370603172353,1.3905568502314851,1.4864095902781203,1.566302778067403,1.4182631236029624,1.4534317950635718,1.3920144647928008,1.4484540890226554,1.505302278319939,1.3923289322616823,1.5210967433307205
1.3807682640291377,1.564542990163985,1.4937142620175787,1.5417923857197966,1.4536023145006467,1.486309043378098,1.489882624470964,1.5013564004845255,1.3492171022516288,1.3402312083618328,1.4731345005842422,1.4203603480501026,1.4633979034260614,1.4337808809368526,1.430136345261346,1.5229320215834379,1.38784435846357,1.4571435914827375,1.5037481208381736,1.4426943191285784,1.475776368385399
1.374359607799988,1.505722492943638,1.4469404094116225,1.4643808840574817,1.4116231936810297,1.4589497069134918,1.4747241098022776,1.4734741576621253,1.5247584202020221,1.3507170727679896,1.501019242705169,1.3951681938474363,1.4589705892615483,1.4591865303341989,1.419243035384325,1.5010047134973,1.4690352034485505,1.5142297934934887,1.413501461015124,1.4853007279806005,1.4353985671088467
1.419951129775496,1.4892056334713195,1.4230724886739297,1.4701892772738232,1.4938889056643923,1.4100809714925133,1.4294540858104172,1.5056006299303828,1.4649892335578492,1.403909987089212,1.4483098279944142,1.4129119038285014,1.4737163907773887,1.4000753285010632,1.4117514181368243,1.4917296346362805,1.4461428598152932,1.4703374972465337,1.5192801435931769,1.3422287025142499,1.4113499914232945
1.4138971317575983,1.5385564219892898,1.4026781237892874,1.4537061542052694,1.3654841694438182,1.4640963109434904,1.48537564270378,1.4962524258237835,1.4445435647126097,1.3678207395692197,1.4224242266747684,1.4417242615078536,1.4852994452200265,1.3908435310823193,1.4002297168162885,1.4157897324099329,1.3894648660449014,1.4467530437474956,1.510240040530143,,1.4681056446378316
1.50682647719076,1.3762842653060718,1.5279847616245623,1.3913472888979526,1.4162438562025033,1.4863103351915994,1.3962164167293063,1.5226548963929136,1.4329800461296858,1.4112817060961134,1.4378976380713384,1.448822808683637,1.4262332717341402,1.360547322132139,1.435556419850354,1.3998524102329502,1.4274768494882737,1.4965219834492642,1.47349640660322,,1.4476891828717486
1.4955534154696897,1.4889873901049475,1.5308542024609304,1.479024982876054,1.4511654957342786,1.4409546039408077,1.3820492546474934,1.4816017730125504,1.3760424892304977,1.4755953754325237,1.5167320321722948,1.4811108770948425,1.479482955342518,1.311943812107076,1.4641879674891127,1.3862780155791552,1.4192384172959307,1.4606903473155246,1.5465834372872127,,1.3978555159643007
1.453550873694783,1.5105358447379285,1.388009583080022,1.467691060013852,1.4810271549526197,1.4767425078182266,1.4155520908730477,1.3981093265578035,1.5173382077616338,1.374597461003593,1.4135114361313625,1.4034479737320442,1.5196065313952516,1.3463810022183902,1.4324207719319282,1.4372973160965303,1.3687843255818282,1.5462885920829517,1.5212357273810424,,1.5123831798825125
1.4589941690605217,1.420993624992202,1.452483145374569,1.493720116236032,1.5392865582798312,1.3747924801679667,1.4679917822847897,1.5185929296345972,1.466865553763148,1.4158721416414997,1.3812979822889866,1.4196819604001265,1.4825690448918967,1.473150192767982,1.4034184282896922,1.3878753078939186,1.4166844420561133,1.3628020916874493,1.4826364473262237,,1.4872807323966726
1.4983939079835078,1.4839520280058296,1.4612868485286536,1.4213507296732908,1.4203540668181085,1.4761198477792425,1.3751779788710292,1.498276107278539,1.4879919419327692,1.4395693697568672,1.4070000204921311,1.5118545423383944,1.3534931236187204,1.4423126117219383,1.444657039508467,1.4954615797742432,1.4212026288608899,1.3994072216626354,1.4937253632190133,,1.4911747251812204
1.5133136375493146,1.4318728598752644,1.5142077568395926,1.4859405263860601,1.4032598164262564,1.5260483050713043,1.4116029539279307,1.4576815452698464,1.4308746929229426,1.4156384844131047,1.4476648475650666,1.4636357182455886,1.4265371230127566,1.4361037788951005,1.4364384868963083,1.5016393166975726,1.4644375642859482,1.4816713662561378,1.5384698414671159,,1.519282291444258
1.5013290033068047,1.4983181123197529,1.4640198333275853,1.4775509080866591,1.402682382802113,1.4145664044307098,1.2971572387279895,1.5221606893436057,1.430709659968358,1.405366722006857,1.3398348967115121,1.4744552617567404,1.3253838122158608,1.412396748482817,1.3648572139743234,1.4182906616337245,1.4803624138055675,1.3492147523846683,1.5129883384874905,,1.4720758091102328
1.519801787924819,1.449670676985588,1.4765147300885897,1.4587286933030879,1.4786406570769028,1.5294537733767504,1.420134608271222,1.5174503526256764,1.4098707788528302,1.402932546959299,1.3832878455450357,1.4284958948204212,1.374060196748168,1.4280215539860315,1.3768015807151714,1.5272340080337574,1.385850103619072,1.3398931503058171,1.4686828906144447,,1.3947246761155967
1.4825510412424368,1.4422052235704457,1.5188915883730438,1.5532618984044722,1.38340114139688,1.495545558899901,1.4340245001273098,1.509450385250729,1.4691065486590225,1.451357479609623,1.4034016335936872,1.4820949653618474,1.3067115689004773,1.4417573080303137,1.436756917308709,1.4449702585411988,1.4074699684149576,1.3957299425038114,1.5314424633594768,,1.5002918359352553
1.497579831678454,1.3864814828315826,1.5059973708174277,1.4705473740557,1.4789782063804349,1.4543515568107603,1.462785122770748,1.5108741696202443,1.4282289965013528,1.3752974752033187,1.340612745491113,1.4525733175547584,1.3020918920149047,1.4475778515547686,1.4824241532513605,1.4536968169236628,1.4665374655514807,1.3908743838093405,1.455365298659562,,1.4647397209753432
1.4751044329362808,1.447199422143318,1.4839049870456935,1.5325152665819464,1.3922581548583628,1.4422372799107577,1.3891116527256473,1.4902448564928992,1.4933680003501215,1.4053579513264594,1.3922891759857086,1.446666577429671,1.379882960630382,1.4459800311079332,1.5158667710177172,1.460753810182,1.3843242063730097,1.476730679138145,1.4780744167349162,,1.491378185540401
1.5189461532860178,1.4711465308103677,1.3994387224142488,1.4547983559422302,1.515658273122399,1.5111555084834234,1.4558403854313728,1.4737122738847652,1.4986976080829717,1.3786734959706517,1.4080953531192626,1.4642359453388916,1.3249908510688615,1.468615736930758,1.4722624509571565,1.385067869222121,1.3922956527447967,1.4719424447816665,1.3883250794346669,,1.4587627779012382
1.4025727799567713,1.5077943247674734,1.3809520967000262,1.4400909808659195,1.4839344850640686,1.4863639325632936,1.4782220319682289,1.4503962051872599,1.470816515030293,1.391047030354494,1.4104314370939355,1.487744340541457,1.5229077253463188,1.4382819629477086,1.466227073128849,1.4380299136627315,1.4755602199791242,1.4580418226915064,1.4051068612370639,,1.448808366816958
1.5005917071873855,1.4823493414332123,1.3740208427761513,1.4012873546423952,1.4763047156070446,1.4769013761725773,1.5271474265187719,1.5373384929071918,1.4437853177596347,1.3874557465097173,1.3895890540107045,1.4424765020087682,1.496220539554452,1.423515246522928,1.414208205620183,1.4633579064981188,1.4573191953948132,1.4046709657055962,1.4651563092875874,,1.36199521605737
1.456779068021868,1.421603948318577,1.3802687835198062,1.425216219554487,1.4692730475782627,1.5239557221752413,1.3846773127913685,1.4256490108733024,1.495982452068852,1.4074052377095385,1.434531366781044,1.5088785229035904,1.4833024928647387,1.4750805381253438,1.397124550618623,1.49663138883052,1.4295364318252906,1.4124398948213688,1.4755845545308879,,1.4435644896631734
1.502709472552881,1.3880661243780372,1.394125265710453,1.4433888851738026,1.4813870228363182,1.4774485773383397,1.4207254047346414,1.3940008545443594,1.5015225623502273,1.4991300562986232,1.365905747074691,1.4879702971169013,1.367076746144864,1.3893569676320034,1.3736017722947382,1.5092941976495435,1.4419534126449725,1.4155093915128987,1.5599819542890683,,1.3778981852734473
1.4650141681213873,1.429826117939051,1.4686923920756043,1.436085650823038,1.4062662326951283,1.5115659246110211,1.439595651944507,1.4397361609571115,1.536041977494482,1.5082566085025526,1.4574479376453333,1.4776190767428397,1.4649664186938844,1.46395736038791,1.4205554126240152,1.468496600793408,1.4234871837548395,1.461521424019613,1.4592890137666523,,1.4533396928825568
1.3770695977918348,1.374609407711426,1.5028934966836667,1.4488448227916422,1.4912976979570176,1.4530144797977984,1.45833004781363,1.3961331680624331,1.488866678623784,1.4703881905100293,1.320656337948763,1.4000827658312978,1.5008726258701148,1.395257855088367,1.366651570722073,1.5155125659855138,1.4248997776317514,1.4879135876124145,1.4925304135041066,,1.4426832651086463
1.4430903622877027,1.421985279851007,1.522008423507874,1.517160057008766,1.4295863601771197,1.5406331658735752,1.4564838533181914,1.4401619097338256,1.495486198497854,1.4685603818285347,1.4059283406221723,1.3642979379192208,1.533428192144417,1.478194184874133,1.473583580653744,1.3371479758994917,1.5181079008226284,1.517362949741631,1.516325846420543,,1.4931882833505015
1.4280943983657455,1.5267660868623916,1.549731561221171,1.42850748994798,1.4069678014175395,1.4298240570627383,1.4369907917883802,1.440806308444525,1.5000847100305486,1.4441911707002777,1.3784748457152936,1.4822053315750572,1.5032577916699457,1.397852785329152,1.4268025011421819,1.3719678806092206,1.3888760376503857,1.4480657530746364,1.4896115585047618,,1.3969900547035372
1.4104389944017666,1.3893913707176209,1.5025405725957972,1.434097771872895,1.5140561510911104,1.5058936191582561,1.5249574302291107,1.4844844983176027,1.4583449869925746,1.437343595644941,1.4152820049759143,1.4477458485907706,1.5016677066473314,1.4351797211107602,1.4230828209905704,1.4300900174795688,1.394961800572921,1.436968635253171,1.4794164945675843,,1.4603303003646508
1.4914239929736757,1.457843428332136,1.472245024973391,1.47484859198035,1.51635234087867,1.486479273940161,1.4551542752695867,1.490129326255361,1.518724930702769,1.5274284801800144,1.3895555578017798,1.4780046237880855,1.4447878533473084,1.3562418660188233,1.4154454560527239,1.3778169541125616,1.3724247375213463,1.492784329995906,1.508161762845024,,1.3675926520502775
1.3681414216051373,1.4778597325103224,1.551819541955354,1.4765108612087978,1.5390711620116333,1.4520806943434763,1.4205668587012406,1.463905487783782,1.503944063590419,1.322983996333839,1.4701257269299979,1.440119467345416,1.4711480735471187,1.4217782589875352,1.372212348947419,1.2954573663521907,1.3815328584667712,1.417286285981354,1.5024471361668643,,1.4036734540335283
1.4496001272513037,1.469333399642631,1.537917099043268,1.5308833363384065,1.460019409608826,1.454964214525389,1.3458117058544528,1.4216138950332602,1.5507953406963528,1.355654472188597,1.384402506141456,1.4506422036078035,1.4872595610488244,1.4435182385970138,1.4079652711801354,1.4554791668742264,1.3712581805876711,1.3523745717533517,1.4110958042277733,,1.4959328674445433
1.5636298627566987,1.4725110844981253,1.566533010457282,1.3684421349671159,1.5635239056203845,1.5072193637150721,1.4569701284122918,1.416029378195046,1.5568532206192367,1.3692283326263321,1.4538679214527466,1.5178053658170858,1.4655855222306413,1.416407686095915,1.471684795393483,1.501749118969759,1.415330872103874,1.419111104579999,1.4365907776598108,,1.4903859526145304
1.4289684749619487,1.4076465913597014,1.5014820073109179,1.5261395184616753,,1.4737741678385345,1.4683768428863802,1.4743268476421403,1.4472306183438255,1.4265074057075062,1.4177646658684757,1.4925906068477004,1.52786169088706,1.390269558088859,1.400672304125907,1.411852413874682,1.3870897381999365,1.353525523613411,1.492447904374096,,1.5327906486602054
1.5148772914475768,1.4318914060489065,1.5095050418372755,1.4802199784915846,,1.4451395181925848,1.5476462631295809,1.4654512391194137,1.4079715971252387,1.3805814103021876,1.4672518077667966,1.4260476127290016,1.4820268094445714,1.4553651062729387,1.4212987012589005,1.4624473829544424,1.3734110473475198,1.4631253061505067,1.4437693467608763,,1.4323986462112448
1.4648175107328398,1.4422446131160813,1.3952370818150184,1.4430307524790322,,1.4667324827114898,1.5463171319357567,1.3894691278918485,1.4016665875925425,1.2845464003037925,1.5053254041523452,1.4141441781659223,1.4632471573143861,1.4879887605551745,1.3721547866544777,1.4906159960459746,1.408363640228278,1.5003336707727528,1.4544498852499224,,1.390856263574002
1.5186234066598086,1.4846460832781887,1.448274089526622,1.4492004469341606,,1.325384576134837,1.421438914224619,1.418524128551229,1.527149245057996,1.3619921681661256,1.463522373373614,1.4086206716261918,1.4188593752191674,1.4582346108480528,1.3776519818785264,1.4781648814942108,1.3727888801139958,1.4799698636203238,1.4781988723118298,,1.4099757604896415
1.5096554177362866,1.4496698271728126,1.4939860255629684,1.4789799816801776,,1.472383753721524,1.350887261223126,1.3839467557391187,1.5862384693295182,1.4695032061932596,1.5164760936227581,1.4594600607818276,1.3950967362938393,1.4440032276362205,1.378872346181821,1.435601817235109,1.3884559232328755,1.496173253619313,1.5044058858338363,,1.4504070346029532
1.470521536333122,1.4913887467568634,1.4176843027484616,1.3654079559316963,,1.4405739187065199,1.460169366442952,1.4755144716979398,1.5927055874549414,1.4775088625837454,1.46308297911962,1.4424094098666163,1.4268948158923749,1.4505991321571738,1.3608380155978672,1.466332073758537,1.3572190926776662,1.3662309840831048,1.5160054850686788,,1.4667978376003659
1.439554208840999,1.488374883008375,1.4419361878557693,1.4183535284809348,,1.5104911327119883,1.421371460597881,1.5211036350368605,1.5670295195024921,1.4795945378689388,1.5207467804835038,1.5131319372316898,1.5206729208449803,1.4223720504314759,1.3544044981924386,1.4074189004591076,1.4726855691629168,1.453406965407328,1.417265922617764,,1.4281548073328298
1.5315162821028392,1.4982895490158263,1.461344243017034,1.477000067114161,,1.417995685269138,1.3784517627262538,1.5001145203805741,1.5484614107180659,1.4835700204046276,1.4254434461815373,1.4677127223494981,1.3813420372579501,1.4520997227979566,1.3849530934189156,1.4068778367170025,1.3850006457918167,1.4890520899597592,1.5457236853237395,,1.4519826722642086
1.4535753092783195,1.4716506903635829,1.3895346742720054,1.4026554631357548,,1.4254588683002525,1.4448982609572347,1.4769488069185837,1.5312278805630233,1.4708299141186938,1.4691078278000083,1.4758646459958158,1.3514488153903865,1.3678115657850378,1.3923275347671726,1.4227578546158726,1.4181781523892834,1.3688452104058544,1.451119521976237,,1.442988694028435
1.4675429474735997,1.4557560614177298,1.4528579589736994,1.4267348801248583,,1.4878470225980758,1.4115811503008315,1.4936916444962072,1.5048582115843647,1.498429075981935,1.4015533772639628,,1.375885875165612,1.350713533200052,1.3631220044621453,1.3682180848342549,1.2705982796592037,1.3765985757530264,1.419771411598396,,1.5243057251820624
1.4143748631315294,1.5026660950524453,1.4914653291201532,1.4747987418163144,,1.5227792045902753,1.440685528644058,1.4365454349350166,1.5446927489273767,1.495772497059073,1.472884566510921,,1.4101304933943695,1.3501728848165426,1.3339638724930936,,1.3605069870544306,1.3920416149118635,1.433912847004226,,1.4569938301319787
1.4844470414569888,,1.4787259078725945,1.4774329713754686,,1.508609265020197,1.44505882846884,1.4789480846082124,1.4556064097929176,1.491944484323797,1.4342907706932013,,1.3850684549673775,1.4179155322723263,1.3645834786100113,,1.4485236414017568,1.3746705999833286,1.5009156564480266,,1.4078148407676125
1.4076001247147973,,1.4293535395719381,1.4753282024854593,,1.5722868744901977,1.3773951368568407,1.4382082640900853,1.4843600741083722,1.543548382515564,1.498865520743889,,1.4638479307862737,1.4255547700621714,1.3246045422388937,,1.3551957054518866,1.3893025414527487,1.470761747692874,,1.5198592512863414
1.4096081052745533,,1.4413922831600605,1.435913460138928,,1.5016749416197333,1.4521801305397073,1.449310359167182,1.4758874960343178,1.4609798627374773,1.4984130698837501,,1.4036696603273375,1.4876865557992522,1.3604346115369086,,1.4389182249018113,1.468674387719391,1.5610120769305886,,1.3830918568069799
1.501259561717066,,1.4437462723247239,1.43685438051162,,1.4253723683642554,1.458356847633802,1.550886880088943,1.4714882147116928,1.3212440559367526,,,1.5553549903042152,1.3959133973441116,1.3990762401878287,,1.4708511062748246,1.4868482473173628,1.5187784116261942,,1.3926407486026071
1.4103534660497516,,1.4597470915906077,1.5118478872945813,,1.420593653870533,1.4737129633724055,1.5095191890897417,1.465598413470688,1.3988073316565977,,,1.489112866508105,1.4379682033884098,1.4268182650843677,,1.53356391514884,1.4868284862443373,1.555054036948905,,1.2886758923506598
1.479566130481714,,1.361515122718128,1.4847769723081992,,1.4055957951893046,1.4901245870487387,1.4873814558167284,1.4447347652159677,1.4496838120688569,,,1.4812248837570954,1.330843482280146,1.3584270498172846,,1.4060862379839558,1.4591263727411197,1.5472694823740272,,1.4574835285232206
1.4070323410489285,,1.4318094350773714,1.4019407457313338,,1.5084766022049565,1.4745715171464382,1.426365570876924,1.4209566053509157,1.489322228229476,,,1.409550479628293,1.4014748712579146,1.4322403906807026,,1.3883474153368418,1.4829767412736898,1.5129118457548991,,1.5203743710360307
1.3954381204580464,,1.4349236041877824,1.4800742249623369,,1.37442470316642,1.3204592975506195,1.4356813175712564,1.3971488842805408,1.3728038302371335,,,1.493815845972031,1.4412275138636823,1.435571970635349,,1.4058273172090232,1.4572394649360314,1.4816656438657645,,1.4912092796165206
1.455660623262262,,1.4417576834083086,1.4759746542602339,,1.433366239399453,1.351949780671833,1.4329678942147726,1.445072989858556,1.4311680689774111,,,1.41412822436593,1.3858938661868323,1.2332737934897429,,1.5034955388088673,1.4105852288066945,1.5240307061935847,,1.4701667970257386
1.5086209799933337,,1.4310299933944945,1.4864154708949684,,1.4560741696531805,1.396211550199439,1.4841978607072501,1.455063725847117,1.497754148564047,,,1.3879285497829068,1.3543882802495608,1.4750128282316413,,1.518188449394186,1.4507510799779249,1.4733736736903769,,1.511200826510276
1.4957037608209403,,1.416874210567143,1.4511013904278707,,1.5451524861603931,1.4089686997287127,1.4571811239324703,1.44028143654766,1.4268747777431783,,,1.3852850033535336,1.385941078041612,1.3554905404544033,,1.4305089086620413,1.49935904861722,1.4809716679352558,,1.3857392663808863
1.4836281404725176,,1.4551810827723588,1.4620040198582023,,1.5440202030425618,1.3539388216722694,1.4476854628141953,1.4088922307208134,1.3663811583267245,,,1.4065843508892453,1.4171797071017265,1.3931141926987953,,1.5197570815802672,1.4418518328179997,1.5008086981392315,,1.4269267568282613
1.4073903596759363,,1.5057243660772301,1.4941844976981475,,1.5237464627798172,1.4167211479996582,1.4498921173421766,1.4245799843482518,1.5051340002991391,,,1.4052011801386075,1.3943175809680182,1.466239090339311,,1.4663696525580732,1.5141457254008883,1.4630314163060814,,1.4067858976051875
1.525678326168057,,1.473929199143644,1.4567761149444067,,1.5382062119349549,,1.4075950538311384,1.484916690925165,1.4490198048974507,,,1.5001483344351478,1.526576664410265,1.5011578385797724,,1.4593696836574437,1.4497013086411428,1.5069383293649043,,1.4224878971625712
1.4779869631215468,,1.470436873418595,1.481664280367022,,1.4699084935660018,,1.4938855836759948,1.4634871742726392,1.4257825554820127,,,1.4980178157996626,1.4368662917408985,1.3830687516431177,,1.4068642333497967,1.4857258629593715,1.524584581335013,,1.4938732453912789
1.4921218555190952,,1.4281023046685029,1.521557597930287,,1.4876471166297753,,1.4523920079833934,1.3948590901443396,1.4206659037560387,,,1.4687042363319789,1.3852333956588263,1.3331798704339082,,1.4331710592334315,1.4660051230237618,1.5122100001320085,,1.4522221185548971
1.3749878266908437,,1.423701337343567,1.4996361372611389,,1.487523494033063,,1.5033011498863016,1.5209199175031367,1.4092943051403137,,,1.4650871535418488,1.3906658009479929,1.4350363720585468,,1.4221903079012783,1.448523422359023,1.478822222396338,,1.504485803976822
1.3993865081654748,,1.4734163394707005,1.506287278847975,,1.5753017429331246,,1.4603852253593366,1.3914044096631952,1.4389659838435562,,,1.458846214080321,1.405629114732056,1.4528560677428302,,1.4111385792968605,1.463045947704967,1.4994391621043812,,1.4802633294936678
1.3944538694429094,,1.4562055593795733,1.5083067621004462,,1.507104443809544,,1.5311950671892494,1.462143860138535,1.3780119450242154,,,1.479663749975868,1.3303254440555168,1.456015247989709,,1.4670351505277834,1.5431150295705,1.501789442176294,,1.3890696930056492
1.49743645856188,,1.4700518905476239,1.4788459870609143,,1.5801972675058988,,1.4688287807680522,1.4982977776358783,1.3463573878952837,,,1.4920759138826782,1.4232778893145963,1.3145844499537827,,1.500947048994238,1.4035318946309272,1.516046197481625,,1.4378542003156802
1.3812725103039887,,1.4771796522288239,1.5106819807443097,,1.5384332297180754,,1.4481934005384014,1.4651383591697786,1.4132683506062114,,,1.4398296538979136,1.4283530192928828,1.35366931431682,,1.4527354775828283,1.4562256922700938,1.5148047672912386,,1.3103409874540188
1.4796907164264939,,1.3693557037809483,1.4754229116332678,,1.4958739064696243,,1.534991050175287,1.4758702600474538,1.4148683259636445,,,1.410651152151597,1.385955762877968,1.4224935332738762,,1.5046196561455076,1.361681178433687,1.4927397206495285,,1.392341186228472
1.5650592596043833,,1.4206207636308945,1.5031607781087608,,1.5228072815093134,,1.5471389521014898,1.3804013716620405,1.4789259035784892,,,1.4243547927341236,1.4107690578177947,1.3452586713538481,,1.3817539463759319,1.491965878674969,1.4564697988169464,,1.3914040260865292
1.4698174298956659,,1.4110174351194282,1.5051673608274978,,1.4752144983838196,,1.5101615622157494,1.4277889359014806,,,,1.4992966638423837,1.4366097883118565,1.5171801088428085,,1.4557318112813764,1.4646242335451078,1.4956731333914388,,1.4954369588125551
1.4717791729843623,,1.394378930829534,1.4990722751944412,,1.547275249154146,,1.4385328708119167,1.587099988279114,,,,1.4911524194322086,1.3532883536874365,1.5342963482552194,,1.3927784833773293,1.440247381794563,1.5382147123411574,,1.4049477012467668
1.457198298387712,,1.484350135961922,1.5257580130659145,,1.518772484273003,,1.4609983606270647,1.571598786714117,,,,1.488991625114926,1.3827842107906394,1.36113319785034,,1.3821214225148506,1.480280221145129,1.5162310460898112,,1.356420436431122
1.4341069794674621,,1.412604056900059,1.5076871348698622,,1.4865249406459762,,1.4846376128469216,1.5274350498331006,,,,1.4522555766165617,1.361913474471997,1.4777556712127582,,1.4525223331415924,,1.520700938978527,,1.4004092716432424
1.3651089731480797,,1.395025364520176,1.4767832079478709,,1.4367351631661534,,1.5414326456685703,1.3987686892801452,,,,1.4380443284029705,1.310684850741307,1.4167774625793952,,1.4385166179925075,,1.5386004917391505,,1.4496364181270291
1.422796913326999,,1.4045016454910197,1.4952585662958515,,1.437989869684894,,1.5475427643771014,1.4688334474222269,,,,1.4042150463128629,1.3163986724536303,1.419740808357511,,1.4127091330555719,,1.4570863654218882,,1.3603745244620264
1.3977218155325617,,1.41400359911088,1.4403535194788424,,1.480225285868285,,1.4881151136019242,1.5112853676008215,,,,1.494795997836793,1.4108108501181698,1.4054930786529487,,1.402544042289515,,1.4408037148325765,,1.4754340796417864
1.425342526452419,,1.461375702432955,1.4372070256347367,,1.4644514263512454,,1.4854761841891289,1.5073858526092228,,,,1.4061639260013836,1.4332087314534478,1.3940003191935095,,1.4476413739005574,,1.481371863149729,,1.4550993393302696
1.4704291767792697,,1.4309157218587127,1.4851539957273945,,1.403509970605562,,1.5110621051665039,1.4036476727149452,,,,1.4575960575349118,1.4056138260609194,1.4260635978964316,,1.4235924743246609,,1.46063894468009,,1.4840187373633051
1.4335459360857294,,1.4752966871892452,1.4803180864757077,,1.4750358384706348,,1.5308837857981255,1.3883982065305913,,,,1.4378779965874098,1.3442215831375608,1.4797804538364898,,1.4979216294349047,,1.5096029574936705,,1.4301151782123793
1.4986744780294532,,1.4598300049509936,1.4773204009943635,,1.587281431004733,,1.5594794775371688,1.4337398449625356,,,,1.4798129268347031,1.3294348105276617,1.389900244907693,,1.486938526705191,,1.4332385770176308,,1.489131616945242
1.4750457211625885,,1.5015644822827037,1.3872303099990817,,1.3758441739309737,,1.539899099328826,1.4046317771957746,,,,1.4864599792962923,1.3508277169130818,1.4122641867605075,,1.4987037530932061,,1.443775463648352,,1.4239062837146392
1.416849713427713,,1.4802705133792045,1.49674045875746,,1.4835046233986011,,1.5643605176888309,1.4768529188516697,,,,1.456633191709757,1.3266376344139938,1.4609282767241716,,1.4014112989182925,,1.4919249103602168,,1.5031192399242264
1.498137288317783,,1.438649640566558,1.443888788906145,,1.478695055806628,,1.4212084384276793,1.4919589825591608,,,,1.4757606297727337,1.4205827027363371,1.4434830095211892,,1.41761461307628,,1.4660076076438249,,1.4962501335490357
1.512525975356559,,1.4957810663973052,1.4424087488994186,,1.4961505531496229,,1.4204115757565101,1.539650290700902,,,,1.4183217021953702,1.4832208023053788,1.4401555746612116,,1.3660640770298367,,1.4139104031754544,,1.3331948257488722
1.358135556863496,,1.4858312906076931,1.485149139403746,,1.511012955922203,,1.5209208033316564,1.4329618609234986,,,,1.2865984392588534,1.4060557185786298,1.416644793348929,,1.3497862431868617,,1.425480444945508,,1.4409326136061347
1.374932408658846,,1.4951128858746914,1.486606903895492,,1.469039853580891,,1.5710335698915543,1.463926178266042,,,,1.302265092447579,1.3998016153641208,1.4506889356048698,,1.4275999036198745,,1.4154031280542705,,1.4623419839362837
1.3486768621082288,,1.4723647153471873,1.4369533780063617,,1.4715979833688437,,1.5370473990004683,1.4756651686651163,,,,1.410870121239518,1.3717869875860338,1.2465373866197058,,1.380711539480513,,1.5017964816122589,,1.4775542152866756
1.4174029441703713,,1.4219932933386508,1.416564330665413,,1.4391856616350205,,1.419781884346304,1.4505431696378845,,,,1.4099244670980304,1.4516008908676516,1.47080859913303,,1.396435361402845,,1.5212532349109702,,1.4032848216073055
1.4936858924205352,,1.516232133876026,1.458077589710356,,1.471783828552623,,1.3875922192764287,1.5396619827327256,,,,1.3646007523185246,1.4047908605065251,1.3700558996809236,,1.3603133148767157,,1.4887433156244192,,1.4855597939267289
1.4674942255381531,,1.4724458724627516,1.5548964419173084,,1.5036968796346117,,1.385094112722475,1.4345255097269862,,,,1.3637447437302441,1.3975965983757146,1.4727688918681825,,1.418205187975716,,1.4263906784433056,,1.4213492781348012
1.4839172471699749,,1.4930507864496543,1.5046362641246602,,1.442644614660163,,1.4098568717799762,1.495371346499319,,,,1.421627068649344,1.3983323005602348,1.390554109480399,,1.4852976176520314,,1.52753918109382,,1.4016886769025179
1.4913902818184306,,1.493041098987527,1.510927727423466,,1.508454961551493,,1.3863762328005669,1.46911746514983,,,,1.3981572371698874,1.4176952980603428,1.4028920288155702,,1.3573706915640509,,1.5341616740355712,,1.4045347161272714
1.3988906313575202,,1.4426066616595818,1.510574529754467,,1.525861461451797,,1.4154066164370793,1.4539935267012218,,,,1.4077989924644703,1.432920553598894,1.4428380533455591,,,,1.4948238161187632,,1.4262516376507448
1.462228421214619,,1.371511843496729,1.4984093616128527,,1.474930879241744,,1.5055124565411249,1.4346278297936765,,,,1.4863181669353998,1.3734005243194178,1.3904502956976748,,,,1.5430794866626287,,1.4106904843219412
1.4893409707439897,,1.4604489388504867,1.4536788285974096,,1.5246713287019897,,1.4448495177738576,1.4236483695099678,,,,1.4120466769926068,1.4049820735054388,,,,,1.4779539567112718,,1.465013574244886
1.4548724348048805,,1.5445596271098914,1.412734811104714,,1.514471370903381,,1.4528160715844054,1.466724514710542,,,,1.414541221253265,1.4343780149884202,,,,,1.482994940529117,,1.4365932744230476
1.4040323495228133,,1.4940533438290722,1.547279799400274,,1.4914537304203863,,1.4935212835329341,1.4516941143992357,,,,1.4739093531628042,1.3571621205599107,,,,,1.5517048871020382,,1.3689230379992687
1.4262541984630983,,1.5312556252751353,1.4766273150553257,,1.557205081558095,,1.532339023431164,1.450738193848272,,,,1.4541440068703595,1.3735380421931842,,,,,1.5368386877043492,,1.4235897437849432
1.408933549663965,,1.4876486182083413,1.4898151777699782,,1.5837670114677391,,1.5124877419974876,1.4254055185522845,,,,1.3476714113713848,1.3831590203186028,,,,,1.5218128500573944,,1.4120093986725935
1.4896183175822508,,1.4815446832145418,1.439016487114386,,1.4587567886657484,,1.520340380753529,1.5032456466445074,,,,1.323764951290483,1.391044810322097,,,,,1.446650360549002,,1.3362792431545851
1.4864944342745507,,1.5229686974207755,1.5245471345247605,,1.4725434903683652,,1.5137298405438508,1.523844091173037,,,,1.381607949605875,1.346307404173188,,,,,1.4541968431285812,,1.4235463302470497
1.3467032964206074,,1.4806896311759719,1.4446200501182649,,1.4715599351009176,,1.512079203361852,1.4454755935395072,,,,1.4475416714037381,1.363006374690302,,,,,1.4781914088254864,,1.4338187955131436
1.4954630913422875,,1.5132095061898378,1.4588601315931415,,1.4737517293320828,,1.5561788282180704,1.5270051186190432,,,,1.3386458865455788,1.3543166063065466,,,,,1.5150856161937247,,1.421829650105904
1.4782103552716752,,1.5261984340223438,1.4308279778234678,,1.4550808414971481,,1.565144309950636,1.474093385380089,,,,1.3064465147099464,1.3715367643549734,,,,,1.5164225403723557,,1.4910014120481878
1.4543536976180274,,1.5445444281055722,,,1.4543782319193843,,1.4962914251192698,1.4275588499487115,,,,1.2885362435695358,1.3627742855810194,,,,,1.4825029380951664,,1.4443724243569342
1.42317590588614,,1.4920659683064155,,,1.3733957757923496,,1.4553056405343878,1.407264986397647,,,,1.299486639596339,1.3924508737150376,,,,,1.475120548574854,,1.4701528230347285
1.370915617390326,,1.4520474218354134,,,1.4668369185297268,,1.520841540938424,1.5009277845138713,,,,1.2992516433323507,1.4282226156800515,,,,,1.4915440541355998,,1.4947958981133393
1.4025118822900413,,1.4606047167851306,,,1.4933892820874888,,1.4928916765282823,1.430761122793366,,,,1.3706815763146982,1.3790343452518132,,,,,1.4707000587867751,,1.441255653788908
1.2859294721527674,,1.6006206628819344,,,1.4843313665672082,,1.5102996900538606,1.4012859345186,,,,1.3223106081806535,1.4420874382331264,,,,,1.4712913564775356,,1.44259720729784
1.410418394223405,,1.4041975518756165,,,1.4982538318434238,,1.5249196872629027,1.5015199078242416,,,,1.3768753837023537,1.4842219766092846,,,,,1.5369665698404895,,1.6123470291656057
1.388714378057156,,1.4255087499056907,,,1.4383146293329578,,1.4663430145163163,1.5323016998296612,,,,1.3820090191904588,1.3973811455979375,,,,,1.4848712035059917,,1.4758125809413478
1.4751787587409508,,1.3645210094904892,,,1.3321180099296348,,1.5084092049892321,1.4700392553087394,,,,1.3719525517228164,1.453336806607804,,,,,1.508032414672844,,1.3716039271776468
1.5413891902301646,,1.454515336630606,,,1.4898594216827312,,1.544577431898079,1.5380823587973063,,,,1.445165520746732,1.4507852920770328,,,,,1.4935002293401052,,1.4322500891430892
1.4530999600403265,,1.4608557475136812,,,1.4408363241796558,,1.35124220087414,1.511178106845373,,,,1.4789204490741277,1.476477677396472,,,,,1.5541817951580101,,1.43626922059322
1.4506859202451179,,1.4729155973363208,,,1.5228599434211312,,1.3500239397145402,1.4609313826358474,,,,1.4043406579334738,1.455900393062811,,,,,1.4453206456794507,,1.4456377178926323
1.4234762003339063,,1.4840590808466048,,,1.4562386320679632,,1.4439063357349289,1.4523693406870588,,,,1.4354058728352481,1.4800928136957,,,,,1.4346721992254956,,1.4396065928802153
1.5280881643028263,,1.4793398494354721,,,1.495083345089179,,1.4306504641163804,1.476283288886397,,,,1.3601808643300466,1.4425098177217752,,,,,1.4550787964072365,,1.4934168403767745
1.480631302518279,,1.3705365402366565,,,1.487975510280685,,1.3783944189363577,1.4080025905705191,,,,1.3842139616746554,1.503617883873121,,,,,1.4142292249544157,,1.5655225398907322
1.4737491960759457,,1.4273773428301466,,,1.4674341474136137,,1.4555454301537456,1.5359916371402556,,,,1.4522700675470632,1.5298265697047813,,,,,1.471048409033405,,1.481042793722495
1.487457682639941,,1.3748615617999655,,,1.4631511735339835,,1.4740830008342238,1.503363666850034,,,,1.3729796715659843,1.4984994750942875,,,,,1.445455345876088,,1.4858446824131482
1.5203775261054018,,1.3734559306885943,,,1.4555159783691536,,1.5235649996335772,1.5048638345098233,,,,1.387377736951674,1.4780315006369402,,,,,1.4823142455226266,,1.3711172476681865
1.4937475987944568,,1.473346831350401,,,1.4654618495011018,,1.5424713578418607,1.5436954970566639,,,,1.5275422130040994,1.5008694179945274,,,,,1.4263012281382987,,1.3881513404732617
1.4704995799752203,,1.474654997279852,,,1.5162965196274332,,1.4136166852626386,1.4440498990620982,,,,1.3936232102167736,1.434068577008994,,,,,1.4810177141599907,,1.4311800298475479
1.371644500267063,,1.4635539847186096,,,1.4842274187054971,,1.4818810686671897,1.5058933084505808,,,,1.4162937921150458,1.4619849352329164,,,,,1.4439521858784514,,1.4300589230179552
,,1.5132286655018308,,,1.4151620236542795,,1.4958537610701366,1.5075728289468902,,,,1.4027171130737186,1.462808424184478,,,,,1.5075821477824407,,
,,1.5353535599841392,,,1.44184360567113,,1.482811340086558,1.451495418178515,,,,1.3399374752049797,1.5224196211596515,,,,,1.5435098232983167,,
,,1.4779302400311563,,,1.5124485457731698,,1.537161663090039,1.4607186576942914,,,,1.360592287070302,1.4960756694135975,,,,,1.558625267597339,,
,,1.4941151672597641,,,1.5121872144311914,,1.5286641063462514,1.4331263705380997,,,,1.4442020014745311,1.456790786564553,,,,,1.5404718339880907,,
,,1.4177395346623176,,,1.4842865314209797,,1.4919586947605588,1.4558435144185562,,,,1.408077146858872,1.5359177190689783,,,,,1.386753325059629,,
,,1.4975124246641396,,,1.4122945503251734,,1.4568786567857979,1.4368584337713224,,,,1.467947709445541,1.4944503366204767,,,,,1.4373963532687843,,
,,1.5009882315832006,,,1.441603286361396,,1.462799358797476,1.4844012704567444,,,,1.434233774548401,1.483420040213473,,,,,1.4882272159657017,,
,,1.5026012468213685,,,1.4331203525201213,,1.453254700377131,1.4411268609303405,,,,1.3842123370605257,1.50364608662037,,,,,1.4304613010038363,,
,,1.3417267802087613,,,1.3862698739922155,,1.5329625411783414,1.493393642889048,,,,1.4634080075826974,1.5262127212878422,,,,,1.4319972363767475,,
,,1.484417603932198,,,1.4057376739660068,,1.4617362873820272,1.4849894523700722,,,,1.4916484006079795,1.4446595606150419,,,,,1.437200309829166,,
,,1.4190191812957145,,,1.3544086072164465,,1.5114989063906814,1.4886870133149614,,,,1.4919940659026896,1.4884731529983755,,,,,1.4565712266287065,,
,,1.4581089873464719,,,1.4889325811000738,,1.430314946607221,1.4762253840966837,,,,1.4627581026047354,1.454493000301682,,,,,1.5098455100262325,,
,,1.4489727891112034,,,1.4635313867801627,,1.4482738738134888,1.4843768984288725,,,,1.4460440926782607,1.5291220287281355,,,,,1.5239927669399946,,
,,1.4994536965999434,,,1.3882229746264898,,1.4956555329871488,1.437649230370134,,,,1.4956787812924217,1.4462996722695458,,,,,1.55251848899592,,
,,1.492992667957588,,,1.421615800544516,,1.4656770549689846,1.5143428690007812,,,,1.4948463613462013,1.5781817964597245,,,,,1.4700030150770518,,
,,1.451376671462474,,,1.4273247201867334,,1.5094085007342486,1.5094847098398625,,,,1.4189497253472756,1.565821246232376,,,,,1.4556508792203617,,
,,1.4690444798591697,,,1.4713314793596943,,1.5340680713475927,1.480191418249272,,,,1.4389944547209284,1.4973834830349968,,,,,1.3926458756729003,,
,,1.442593240596787,,,1.4343636387975172,,1.535598324679973,1.5069138869026995,,,,1.4646008907621544,1.4843042155291477,,,,,1.4175559528756012,,
,,1.3769060415045489,,,1.4970563690450287,,1.4892797473234591,1.485938266909391,,,,1.489882399273356,1.4859165978576097,,,,,1.4676608164823446,,
,,1.4938042965917102,,,1.5033735716058392,,1.4827574805351036,1.4413046895904538,,,,1.488877250952664,1.4847505947293647,,,,,1.5053623960501603,,
,,1.4641714819288314,,,1.4306996483091738,,1.5273684242835106,1.4481837635877282,,,,1.4830282577096094,1.3870869642547747,,,,,1.507852725160868,,
,,1.4257787926455836,,,1.419325710314446,,1.510623939866957,1.5017028769764917,,,,1.5073795904007248,1.4111708663261,,,,,1.5061607218380966,,
,,1.444183507721259,,,1.485340790558667,,1.4562658729349625,,,,,1.4107307451083129,,,,,,1.4788271090049816,,
,,1.3882970209643037,,,1.459462202022895,,1.4755345989476174,,,,,1.478921921472464,,,,,,1.48196250843947,,
,,1.4212369625493468,,,1.4847519477451232,,1.5254334957246247,,,,,1.500939066787443,,,,,,1.4785877980964122,,
,,1.4618265709615086,,,1.4704270498884124,,1.5156240495579172,,,,,1.4110733689262656,,,,,,1.4632457903656466,,
,,1.4389538793340384,,,1.466703680653307,,1.4800227704312126,,,,,1.4120341977386612,,,,,,1.4114650320002295,,
,,1.452284141866082,,,1.4682794267436932,,1.4442055161963712,,,,,1.4636699213981141,,,,,,1.4562491501076518,,
,,1.4678712521095958,,,1.4595723645126215,,1.484055419362635,,,,,1.4217818456089435,,,,,,1.4380949482512433,,
,,1.4681397830603566,,,1.4789863563000625,,1.3937618026699758,,,,,1.4405871360543117,,,,,,1.438058957813916,,
,,1.4404186805027714,,,1.5182587420899356,,1.450506686828196,,,,,1.524289828355514,,,,,,1.454151780525841,,
,,1.5301434413126485,,,1.3941143478303601,,1.5139535486711737,,,,,1.479888105938184,,,,,,1.4401174306306757,,
,,1.463400910441582,,,1.4875819789772855,,1.4291616867097618,,,,,1.4758951182167122,,,,,,1.5052515838571912,,
,,1.4143105755608145,,,1.4667776555629999,,1.517903832213622,,,,,1.4834631842252477,,,,,,1.5220018658741075,,
,,1.468283042929925,,,1.4972386812042764,,1.4460761732089984,,,,,1.4562906161837725,,,,,,1.4949957875946183,,
,,1.496541532592075,,,1.4804287773490488,,1.4658169387264581,,,,,1.4178177394724898,,,,,,1.4468136911635707,,
,,1.5069251738164555,,,1.5130774925754444,,1.4411720428698667,,,,,1.4050954998617136,,,,,,1.4596368294518571,,
,,1.4647277484387353,,,1.4686886215159065,,1.480155726536005,,,,,1.3829160127393934,,,,,,1.448202884543775,,
,,1.4545358007448375,,,1.468020063873301,,1.5099144811527634,,,,,1.4684744272976906,,,,,,1.4435940983006954,,
,,1.5196263161013277,,,1.534750037490172,,1.4281029936394891,,,,,1.4926028884718658,,,,,,1.4597610434891968,,
,,1.4461007191711115,,,1.461431341840337,,1.445572728518515,,,,,1.4342855153194303,,,,,,1.536275462764357,,
,,1.4304197564403907,,,1.4982831182544227,,1.4416515323435508,,,,,1.4213839937954058,,,,,,1.4899321754933932,,
,,1.4839932986767863,,,1.4077380846600547,,1.4792018496978823,,,,,1.357097680106913,,,,,,1.449010705743671,,
,,1.5409897170485976,,,1.4687605898272937,,1.4157822830151434,,,,,1.4906544777084727,,,,,,1.508628151323709,,
,,1.5303746076570712,,,1.421002726190122,,1.522632911463591,,,,,1.3686666005528307,,,,,,1.5203495002334428,,
,,1.5184421628682623,,,1.4657371696621366,,1.4055252811886871,,,,,1.4394379472840602,,,,,,1.5639040884721591,,
,,1.4708345645127292,,,1.4314612744937993,,1.5423383093438048,,,,,1.3828636585857133,,,,,,1.5210335502742367,,
,,1.4935438893408766,,,,,1.5033541549711498,,,,,1.4395026600738292,,,,,,1.5048427581469668,,
,,1.4905775087296556,,,,,1.5095019861728016,,,,,1.3760426479302732,,,,,,1.445702356785817,,
,,1.4887918291567674,,,,,1.493530988926544,,,,,1.4189335047045428,,,,,,1.4235392996610565,,
,,1.4969044569626249,,,,,1.4323975558962279,,,,,1.4125689135126245,,,,,,1.4362351694107711,,
,,1.3874282434213538,,,,,1.4387312372154994,,,,,1.4773149326193584,,,,,,1.4551792892115305,,
,,1.3707009702886304,,,,,1.5559253426312807,,,,,1.5177606594125852,,,,,,1.4453620561513747,,
,,1.439809813321775,,,,,1.4598912790043808,,,,,1.487010790853249,,,,,,1.5154888365725787,,
,,1.40705786173315,,,,,1.5053651491371927,,,,,1.470148826131418,,,,,,1.5292721134673075,,
,,1.4798323069012689,,,,,1.4275449319836198,,,,,1.4361663246222869,,,,,,1.483087602800433,,
,,1.4411812163299362,,,,,1.4384980455078915,,,,,1.4727505906425542,,,,,,1.6149334175540682,,
,,1.4186756485743688,,,,,1.536787668111104,,,,,1.4764354947771239,,,,,,1.5063522479143325,,
,,1.376156346162776,,,,,1.5592471699062744,,,,,1.4504035542367377,,,,,,1.532993269526037,,
,,1.4405550203723188,,,,,1.5632742654489937,,,,,1.4550425270207372,,,,,,1.5221226766423819,,
,,1.4632752801483417,,,,,1.5330071607567783,,,,,1.4918940413796975,,,,,,1.5490283613924367,,
,,1.4758592248042555,,,,,1.5133509292160714,,,,,1.4678686692786251,,,,,,1.444268635145725,,
,,1.421308950886402,,,,,1.5211112625823426,,,,,1.54457905172229,,,,,,1.4300412607943076,,
,,1.4330522386458795,,,,,1.5665239817174907,,,,,1.5285463835451394,,,,,,1.5035418127416873,,
,,1.4701829154540795,,,,,1.4938119135130825,,,,,1.452407454733817,,,,,,1.5455580651022651,,
,,1.4485764064440736,,,,,1.527877757266334,,,,,1.5512165303292749,,,,,,1.4594587360322904,,
,,1.4723515971917915,,,,,1.5628799559173217,,,,,1.5284750168129175,,,,,,1.4060502700349549,,
,,1.4704623258691496,,,,,1.5075720379605648,,,,,1.5155099547654016,,,,,,1.4889411270098074,,
,,1.4692176931463445,,,,,1.4582128184467347,,,,,1.4430828464202423,,,,,,1.4833991401022069,,
,,1.4674669250840553,,,,,1.4902786463863826,,,,,1.4673522518015147,,,,,,1.4398579314337943,,
,,1.4100326431817058,,,,,1.5076996359699575,,,,,1.401355863740094,,,,,,1.4887125068615308,,
,,1.4576340427596868,,,,,1.4256076194454383,,,,,1.4481133371083392,,,,,,1.5063725924625673,,
,,1.5004485185764038,,,,,1.4395057228242738,,,,,1.4087064236150302,,,,,,1.5019325578523717,,
,,1.4385035704138365,,,,,1.434195487207662,,,,,1.4931572437268308,,,,,,1.4863692837459448,,
,,1.3692707133414501,,,,,,,,,,1.4511958988518294,,,,,,1.4348641362526102,,
,,1.4156125908300539,,,,,,,,,,1.4884345006734705,,,,,,1.4681485345965446,,
,,1.4356317616643366,,,,,,,,,,1.4793556083773416,,,,,,1.4815448189068137,,
,,1.4801870645160455,,,,,,,,,,1.47784807694759,,,,,,1.4533655443295006,,
,,1.5006306726242555,,,,,,,,,,1.4090676434923717,,,,,,1.4709083977413608,,
,,1.5080350923565027,,,,,,,,,,1.4551891033041089,,,,,,1.5081754483416803,,
,,1.4962246613610586,,,,,,,,,,1.3071782962359806,,,,,,1.496634790536411,,
,,1.4951701034976463,,,,,,,,,,1.3784523072725618,,,,,,1.4751854065613277,,
,,1.5199986522226678,,,,,,,,,,1.5639756839407568,,,,,,1.4804269324685397,,
,,1.4712773368475276,,,,,,,,,,1.502011490389255,,,,,,1.5137803521316664,,
,,1.4872620537106906,,,,,,,,,,1.480047249852422,,,,,,1.50619695200336,,
,,1.4606359171706476,,,,,,,,,,1.4483723823209536,,,,,,1.4455231958542536,,
,,1.4893578838624846,,,,,,,,,,1.4766801125289246,,,,,,1.5029656202082082,,
,,1.4986429996938384,,,,,,,,,,1.460374898307885,,,,,,1.4777556832759426,,
,,1.488204737926815,,,,,,,,,,1.428821541496629,,,,,,1.4926888588224485,,
,,1.4089984030455884,,,,,,,,,,1.4582801603525892,,,,,,1.408112258383398,,
,,1.5419419359171656,,,,,,,,,,1.4673466914095792,,,,,,1.541373119613339,,
,,1.5303860858223095,,,,,,,,,,1.495386421713717,,,,,,1.5111126537426023,,
,,1.4790353010043278,,,,,,,,,,1.5021680016768695,,,,,,1.4954242125437838,,
,,1.4869108270620555,,,,,,,,,,1.530607735925573,,,,,,,,
,,1.5099106780460545,,,,,,,,,,1.5063016323718184,,,,,,,,
,,1.5089940829559794,,,,,,,,,,1.4833338548933575,,,,,,,,
,,1.4610051061833953,,,,,,,,,,1.5334338907829201,,,,,,,,
,,1.4830661059488555,,,,,,,,,,1.4754049503119842,,,,,,,,
,,1.457387413028073,,,,,,,,,,1.4630736026082125,,,,,,,,
,,1.4809795305967968,,,,,,,,,,1.4379906982235542,,,,,,,,
,,1.3610393866029349,,,,,,,,,,1.5649155677167803,,,,,,,,
,,1.472650936244296,,,,,,,,,,1.4910529605359975,,,,,,,,
,,1.426993896241919,,,,,,,,,,1.4656150979842328,,,,,,,,
,,1.4523283697261988,,,,,,,,,,1.518341634372033,,,,,,,,
,,1.4596840338066488,,,,,,,,,,1.5350500792068287,,,,,,,,
,,1.4262736914252827,,,,,,,,,,1.4428099195649058,,,,,,,,
,,1.4422788832981364,,,,,,,,,,1.5096807750927699,,,,,,,,
,,1.488155067944018,,,,,,,,,,1.3635811074864226,,,,,,,,
,,1.4443668677781345,,,,,,,,,,1.4418184725113679,,,,,,,,
,,1.4462992186516885,,,,,,,,,,1.4510976333077645,,,,,,,,
,,1.3839812746769748,,,,,,,,,,1.44045521884783,,,,,,,,
,,1.5099390629724987,,,,,,,,,,1.440292835772148,,,,,,,,
,,1.5527193074094123,,,,,,,,,,1.4744649600993422,,,,,,,,
,,1.4683196333636765,,,,,,,,,,1.4686281737076532,,,,,,,,
,,1.5415511149786654,,,,,,,,,,1.4516109483116053,,,,,,,,
,,1.4567899763101901,,,,,,,,,,1.427493767230791,,,,,,,,
,,1.4913641705500844,,,,,,,,,,1.4476859020843342,,,,,,,,
,,1.4368490832817566,,,,,,,,,,1.4244532797986014,,,,,,,,
,,1.5252567448556633,,,,,,,,,,1.4116866355660889,,,,,,,,
,,1.4269782029266405,,,,,,,,,,1.4471973302070316,,,,,,,,
,,1.4018189428802177,,,,,,,,,,1.4217503902584052,,,,,,,,
,,1.463274353432664,,,,,,,,,,1.4173085305964408,,,,,,,,
,,1.518415051540728,,,,,,,,,,1.3673314855318124,,,,,,,,
,,1.494256365286814,,,,,,,,,,1.4858500437027329,,,,,,,,
,,1.4475091932817463,,,,,,,,,,1.5155154005773268,,,,,,,,
,,1.4665950945766995,,,,,,,,,,1.4936841735633202,,,,,,,,
,,1.406908162903626,,,,,,,,,,1.4322898479164279,,,,,,,,
,,1.3711076686191082,,,,,,,,,,1.5394221922982885,,,,,,,,
,,1.5234448789086998,,,,,,,,,,1.548689357454118,,,,,,,,
,,1.5616992923061574,,,,,,,,,,1.46836242469422,,,,,,,,
,,1.5017308055692506,,,,,,,,,,1.5050438027978061,,,,,,,,
,,1.480713909736425,,,,,,,,,,1.4870874189306105,,,,,,,,
,,1.52429374705651,,,,,,,,,,1.5022236883236832,,,,,,,,
,,1.5417895346726376,,,,,,,,,,1.464023975597019,,,,,,,,
,,1.4959007666857267,,,,,,,,,,1.431420630106235,,,,,,,,
,,1.495829423327254,,,,,,,,,,1.482702857567235,,,,,,,,
,,1.481960622301358,,,,,,,,,,1.5134408720566004,,,,,,,,
,,1.4793297765240083,,,,,,,,,,1.5132407166142414,,,,,,,,
,,1.425257355860615,,,,,,,,,,1.5056589959654143,,,,,,,,
,,1.4676239345793611,,,,,,,,,,1.4554880488178832,,,,,,,,
,,1.4758214656540112,,,,,,,,,,1.4937378304531563,,,,,,,,
,,1.359013184983119,,,,,,,,,,1.4587795013451093,,,,,,,,
,,,,,,,,,,,,1.3905017149888699,,,,,,,,
,,,,,,,,,,,,1.4165321016183663,,,,,,,,
,,,,,,,,,,,,1.485197880658289,,,,,,,,
,,,,,,,,,,,,1.4424872956079782,,,,,,,,
,,,,,,,,,,,,1.505117431457581,,,,,,,,
,,,,,,,,,,,,1.4649320960393895,,,,,,,,
,,,,,,,,,,,,1.445952733506377,,,,,,,,
,,,,,,,,,,,,1.4013781382444745,,,,,,,,
,,,,,,,,,,,,1.472515857478252,,,,,,,,
,,,,,,,,,,,,1.504002749775942,,,,,,,,
,,,,,,,,,,,,1.4730147961400646,,,,,,,,
,,,,,,,,,,,,1.5094741615282667,,,,,,,,
,,,,,,,,,,,,1.4543550093655675,,,,,,,,
,,,,,,,,,,,,1.5340447418536654,,,,,,,,
,,,,,,,,,,,,1.499829853667482,,,,,,,,
,,,,,,,,,,,,1.534005173365456,,,,,,,,
,,,,,,,,,,,,1.5066161108937153,,,,,,,,
,,,,,,,,,,,,1.425119653873998,,,,,,,,
,,,,,,,,,,,,1.4143218921105085,,,,,,,,
,,,,,,,,,,,,1.4937467937154203,,,,,,,,
,,,,,,,,,,,,1.4390024094651608,,,,,,,,
,,,,,,,,,,,,1.3883662137465849,,,,,,,,
,,,,,,,,,,,,1.371601122875779,,,,,,,,
,,,,,,,,,,,,1.443510753249278,,,,,,,,
,,,,,,,,,,,,1.5014221950754643,,,,,,,,
,,,,,,,,,,,,1.3995456039093348,,,,,,,,
,,,,,,,,,,,,1.458830643130223,,,,,,,,
,,,,,,,,,,,,1.4881514733796288,,,,,,,,
,,,,,,,,,,,,1.4384048360876163,,,,,,,,
,,,,,,,,,,,,1.4654599642872552,,,,,,,,
,,,,,,,,,,,,1.476305986695122,,,,,,,,
,,,,,,,,,,,,1.4765526169218384,,,,,,,,
,,,,,,,,,,,,1.4764415229592402,,,,,,,,
,,,,,,,,,,,,1.4924505347871702,,,,,,,,
,,,,,,,,,,,,1.4425606975311782,,,,,,,,
,,,,,,,,,,,,1.4349595362218799,,,,,,,,
,,,,,,,,,,,,1.4390224661027997,,,,,,,,
,,,,,,,,,,,,1.4379001500511819,,,,,,,,
,,,,,,,,,,,,1.366713836800039,,,,,,,,
,,,,,,,,,,,,1.45323239073361,,,,,,,,
,,,,,,,,,,,,1.4587239009923865,,,,,,,,
,,,,,,,,,,,,1.489621847417791,,,,,,,,
,,,,,,,,,,,,1.396708996305069,,,,,,,,
,,,,,,,,,,,,1.4513706478478936,,,,,,,,
,,,,,,,,,,,,1.4985217073931538,,,,,,,,
,,,,,,,,,,,,1.517367477508966,,,,,,,,
,,,,,,,,,,,,1.4787503545501248,,,,,,,,
,,,,,,,,,,,,1.4231254102193094,,,,,,,,
,,,,,,,,,,,,1.4043606157209203,,,,,,,,
